double_1,double_2,double_3,double_4
0,0,0,0
0,-15,10,0
0,15,10,0
-15,0,10,0
15,0,10,0
-6.719481782689494,-13.537801711233277,1.266905961877403,1.266905961877403
5.980975139513264,-13.087620936393291,1.8819154661115771,1.8819154661115771
-13.446770132676944,5.161366736473324,0.659517205468726,0.659517205468726
9.541686252913111,12.68014046215398,0.9378534866826008,0.9378534866826008
7.42134438621915,11.037969311231304,0.4557648410186069,0.4557648410186069
3.7617200524610226,13.866863289302575,0.4994455346396911,0.4994455346396911
-10.595413985351122,-3.090061765267949,0.7717250313708223,0.7717250313708223
11.911791927687919,-10.167092542304722,0.7594493490938374,0.7594493490938374
-2.785471487371252,0.8713468895096952,0.0747771317513014,0.0747771317513014
-8.051509241242051,6.406073354353035,1.6101816579895907,1.6101816579895907
-12.8201225350682,11.93867410335397,0.6743335470586787,0.6743335470586787
1.6892905934437987,3.7024474339162587,1.116911726943801,1.116911726943801
-3.144733153451453,-3.7169207544836755,0.45247967757613805,0.45247967757613805
3.042188178755609,-8.549114770299912,0.6890642278301906,0.6890642278301906
6.728169294558171,-2.4754711940234646,1.041791754718191,1.041791754718191
5.790155594084581,5.3133596203006235,0.14793690435707463,0.14793690435707463
0.9734730838295835,8.68016066787137,1.7104599155318525,1.7104599155318525
-7.676071639517143,12.990440367203417,1.6598779825443533,1.6598779825443533
-6.429105468674862,-2.3910676891557188,0.5407754912811682,0.5407754912811682
-1.4644399745391343,-10.970212375794958,0.3906810061634045,0.3906810061634045
-0.6887889100929705,-1.59286635364586,2.0223296621268503,2.0223296621268503
6.43011559909317,-7.969640269214309,2.2496079820179693,2.2496079820179693
10.671016959643124,1.998523198982042,1.3331691783206965,1.3331691783206965
-12.493458372449185,3.134510119555257,0.6250637744720948,0.6250637744720948
-4.0604993154060445,0.6944441109608892,0.712806986391565,0.712806986391565
-4.621811601719797,-9.532668769721617,1.4172303829758999,1.4172303829758999
9.51433333269311,-4.7309896614124,1.7244409365731954,1.7244409365731954
-3.519968420198323,13.834514656224155,0.7843285852868929,0.7843285852868929
-8.333608404465604,-0.8637360387576081,1.5364483229457657,1.5364483229457657
10.812569672746111,8.409594676856383,1.3994612933533732,1.3994612933533732
0.7878525930064164,-10.448564183138313,1.6342934911338092,1.6342934911338092
-7.602114437008306,-10.563967590327762,1.51441125007065,1.51441125007065
-6.150052541697921,-7.153111871613871,0.8490888642158763,0.8490888642158763
-12.31109087649964,-10.90911924705618,1.9154913562132125,1.9154913562132125
-1.668935765097741,-7.663791594046759,1.12602693053335,1.12602693053335
-2.404789342233057,3.134025090624263,2.0494810252591753,2.0494810252591753
-2.218603765325529,9.634136671570525,0.8956450541377182,0.8956450541377182
13.041329053726749,-12.155188019247538,1.2588547013591307,1.2588547013591307
-14.144958809280398,2.734977371549421,0.47906703567170683,0.47906703567170683
-13.745902682530527,-0.012628719619533157,1.1728694006000449,1.1728694006000449
-5.840996540621175,1.9468072160751557,0.05960749287516798,0.05960749287516798
-5.373436440429639,3.387127746773775,0.1276844687412657,0.1276844687412657
4.836439288860461,0.6657454479784306,0.8427944627731554,0.8427944627731554
3.4783647308054118,6.29122540266154,0.9476116188382826,0.9476116188382826
12.31851823197848,10.672860946730268,1.1332787945534233,1.1332787945534233
0.5482416484926649,-13.66442216203237,1.2025225927459777,1.2025225927459777
-2.325907840744648,8.259836145080895,0.46518647506203914,0.46518647506203914
1.8634795419287347,-4.486046197076787,1.0799032798988923,1.0799032798988923
12.569224958796413,5.261402087784328,1.548804356601058,1.548804356601058
-12.265703325944965,10.037002301499308,1.3232660233723457,1.3232660233723457
6.652537961287946,12.104627212970849,0.8159706538928571,0.8159706538928571
0.8414533819556347,12.010040054475333,3.218615503924746,1.9474164095799718
-11.953609493178687,6.991136221953992,0.8806277792391852,0.8806277792391852
7.284966473827785,2.715749109067559,1.866694862459577,1.866694862459577
4.310018014914231,10.508868677233995,1.4860555611545259,1.4860555611545259
-4.379035720142992,7.780077002250483,0.8895054923309689,0.8895054923309689
9.799212622561546,-0.9156115604491237,0.43706183655437914,0.43706183655437914
-4.4851491527636504,-1.9132791218046705,1.0467547427690864,1.0467547427690864
9.8108511213136,-13.529982000394586,1.0884116901973862,1.0884116901973862
-9.42834712160401,-6.128740466276977,1.3427491338939321,1.3427491338939321
-2.4025805132268303,-13.032062597853523,0.7744346366053986,0.7744346366053986
12.027678704032336,0.13555938874127982,0.9664301490431624,0.9664301490431624
13.219977312831581,-4.603236561938383,1.2678653364465617,1.2678653364465617
-1.45278538107506,14.05595662487523,0.941968223132373,0.941968223132373
-7.878565380500915,9.139361893336153,0.9382453836822563,0.9382453836822563
-2.8200261760469374,-5.578380456701735,1.1903300752185841,1.1903300752185841
12.400377732848888,-8.030547389071025,1.106319696715236,1.106319696715236
13.658129383353817,8.940043548692607,0.7167040273057235,0.7167040273057235
14.517732505838229,8.105235811298002,0.22884562213593196,0.22884562213593196
13.67121345960785,14.279841579738727,0.7107712284069172,0.7107712284069172
3.6923409968241856,1.7190426638418135,1.361031324882913,0.796402100191532
7.449608343790292,11.369014559390259,3.129586904448934,1.7392724510988136
-11.046375876031181,13.291317299428515,0.2774703136384655,0.2774703136384655
4.255467191615429,-2.3193425478003427,0.9612062219622666,0.9612062219622666
6.869709356518406,6.24217782181616,1.3082233851185654,1.3082233851185654
-3.1812339109921073,6.271157506074633,1.488628233549747,1.128046310966834
-12.033185621576303,-13.908333536790785,1.0561625432421173,1.0561625432421173
-0.06366783691810873,-7.524978417648278,2.872340864191451,1.25005525955865
-6.419682901038872,-8.241368034024111,3.0534281744518976,1.335394184915463
13.9566412299455,-0.862104556064514,0.9310031867089212,0.9310031867089212
-10.00688484923279,9.214428311694158,0.035825478218983964,0.035825478218983964
-5.3786963385392195,3.9605649975782686,0.9480209892911436,0.8732200991802817
4.878816056360709,12.973784728059051,2.4656130586338656,1.226669128237365
-9.236186197824285,-8.599319554324904,0.9037666897159006,0.9037666897159006
-5.0414223597153,-3.9640025373731618,0.2683011394519267,0.2683011394519267
3.1766683810519467,-2.5002462528222225,2.106092452189556,0.6222386000406603
-13.150477470245573,6.833482640875442,3.3234834919984473,1.844237655881535
7.1887750689284005,8.499197715540223,0.421540125426634,0.421540125426634
9.081742907723648,-0.2127466843760395,1.6750144788601342,1.1570863906561926
-2.181737479298148,-10.505401749513698,0.460481987634781,0.460481987634781
-10.712366380947499,0.6200968446896233,0.4313378725377265,0.4313378725377265
-3.5262273670491524,-0.17711780042162495,2.000183740144374,0.9310925197452703
-4.862749653848745,10.270138365845261,1.1911261816476881,1.1911261816476881
-12.629483786525364,-7.4228279324737105,1.2784920377879658,1.2784920377879658
11.653967526461658,3.2864038432433382,4.767496879986664,2.3368482003682858
-7.044582754256171,-3.0511514955379173,1.9894252526709775,1.042613833405364
-13.014617715683704,-3.192861711868405,1.4189162150030428,1.4189162150030428
6.831996474155721,-0.12630322414872452,0.452994321500783,0.452994321500783
-13.133655590405944,-5.503187951439587,0.5375684127733057,0.5375684127733057
-10.887013673842654,3.5248354952198717,2.55812369797565,1.918504415379382
-5.899424571181314,-0.2931945776075011,0.6916176901305189,0.6916176901305189
10.51803054325992,-11.991744578893677,0.5669241793018952,0.5669241793018952
8.905321606190668,-11.338067113163596,2.257428045144021,1.5464588621317459
11.93314835770267,-2.018314197124587,0.944256318063629,0.944256318063629
-2.8439758073658226,11.611152635692424,1.115975879983217,1.115975879983217
-10.195635379639306,-3.9638432817353735,2.6719367434518566,1.3109748140624695
-11.871499537567558,0.2002271339543995,0.18727260579924376,0.18727260579924376
-10.170521991912647,13.05656883489912,0.5575199099528187,0.5575199099528187
-13.73038982054744,13.051778243003096,1.8900068574074103,1.2086027116107454
-2.940561393937525,8.61654616150198,2.6993888965324357,1.2975729269734797
12.05442579889376,12.09247945926204,3.0885868085783774,1.297418834532873
-2.661065600665479,-6.91980684899584,3.4086791623870325,1.4069311559651159
12.237031536810438,-0.71051583546679,3.431281822829276,1.6479848270800157
-11.057305668272484,-1.4976958253098864,1.2187022081314676,0.9454708834960193
4.629706461722245,4.90383753027743,2.9120722098612015,1.7187601300878108
-13.74103366445212,2.5327489638751075,1.9132043348539967,1.0245292014880256
-5.2015379393564345,5.719273810714871,2.728431277287486,1.3057399507025096
11.11925563870194,-7.8828391076081825,3.307264298806607,1.4446112506056261
-4.373232561999888,-13.266644816799156,2.013440160709287,1.2101335567841993
-7.344386556334575,2.0483982778377996,0.764074968765867,0.764074968765867
13.309957551306914,8.46327842073895,2.6830693853530194,1.3363720387941265
2.4727731205925547,-8.184924553933953,2.45941997248757,1.205936427789987
-0.9084855193274866,-12.157491822631922,0.38611555774119755,0.38611555774119755
-2.382789360731252,13.63506233103291,2.89422207526766,1.2610648024808262
-8.526572246727767,-14.1047758596026,0.6131056180082985,0.6131056180082985
-5.354307041253676,13.928223011045999,2.7451384325632633,1.069190976133156
-11.478301306855698,0.519378774947608,1.6641762956502069,1.0235473524202505
-4.25667289434517,-4.175446345005177,3.124252960501276,1.5975428847957391
3.299208721700154,-5.400801887823166,3.310578270835579,1.7261628573456282
3.294078078962036,0.21408488720903307,0.693746977551194,0.693746977551194
-5.69951518410852,-0.2785547358184921,2.0685364655914507,0.6998144505879063
6.245869714815754,-2.848655385974972,3.1015438549314176,1.106337207908357
-8.531659439422299,-12.6478553965683,0.021072912346358552,0.021072912346358552
6.351977383846934,7.662321345673844,2.6913493902532126,0.7406522992412595
-10.03732527799214,10.460567273345582,0.8928567714997085,0.8928567714997085
14.327297695718581,-0.6211217769931174,2.1926281355724724,0.40584251382024683
-7.876063437619707,6.881288890749756,4.281135612686832,1.108385255690179
13.87986848653206,-9.309451445106582,2.161378179248117,1.115759706983647
-6.469589572662143,3.3269132892815403,3.8013126148330776,1.6067191775421512
1.8056460250358057,0.7551081482702706,1.5367697568790009,1.1003610333082336
-10.542251591373631,8.201040881480994,0.4924138855390525,0.4924138855390525
-0.6371743924769078,-12.808281232698393,3.7897656242624196,1.7693480277890432
-0.9055908796387175,6.009077448792404,4.053449330884741,1.7622654330464154
13.431395256939508,-6.688549965340132,3.7887882292458843,1.2019301651195866
-9.522497126106273,-0.07283539965974661,4.197731532883482,1.4837186487407648
-5.655089521691103,1.1701037707274402,0.5221712463426931,0.5221712463426931
4.521872929870758,-0.5386434121774109,2.1992031233335814,0.9982239986005634
-9.574363185145408,-13.881856533907838,1.7456119627597713,0.9457816445288842
3.7025847479827103,-13.99916168082644,0.5310015851471364,0.5310015851471364
-5.29316049399076,8.222961048340759,3.82544405893715,1.3401594316352798
8.907063506707516,8.379376988232256,3.065009782764341,1.1315303360472555
-9.331665590283576,10.666740965282736,3.6931032024573165,1.8436309777968438
12.95680496078233,14.21008335264497,1.866929093131252,0.6500912633994117
1.3786360725945865,4.276419197112913,2.9228941136752256,0.8033804897397077
-2.772724720006762,-8.819048753101567,0.45116064847722115,0.45116064847722115
-9.22317462219719,-12.127024021014952,3.3177006237938578,1.3705210012829654
-13.742920524644859,-8.601867308713736,3.5375841296066337,1.2475345073844584
-11.72818451405547,-5.33489308246039,0.6965776525262555,0.6965776525262555
-9.960466804453953,-7.649370370004858,4.139034697676354,1.8844291405752314
-5.209421646651885,-0.4163033378394303,4.2605191971907885,1.550508781404595
8.317968951694656,-1.746275580735519,5.70824391585973,2.401328923598114
2.1019866934200806,-0.8073895943781757,3.8039900093624857,1.3805684852506321
1.5448489435812078,7.994973213563444,4.747621860000021,1.4550266027735959
1.0891945221969745,2.2473706158360756,3.691897284030757,1.3857244488813214
-13.187984333314596,0.9320438057644775,2.9918173109373747,0.9513364663365318
13.986004234384001,12.952710625259051,0.44757259638046154,0.44757259638046154
6.672757826359115,-10.973948796025926,4.047400498740105,1.222194491561153
-3.1012122079912565,10.340673073749715,3.6878030608329393,0.6962637899576987
-1.4650301352753736,0.12405138174697683,4.680967743299515,1.2363070768240583
-6.280444117017595,10.13288705708171,2.4816780040764073,0.7309090727196734
2.1976434300808574,-12.060124390719182,3.1249161566742556,0.9746512070114106
3.489456873066521,1.7173835962196087,3.033353969505283,0.8881832339174438
-14.121830252513966,10.380704425343605,2.406869309932566,0.8533217649131801
10.549661341190495,-13.230773271985491,3.3199564449695735,1.1766196105123095
12.833983968009266,-9.986868913257934,4.207935524533209,1.2803132926936602
11.147026512365656,-5.707941835439487,5.265738791191005,1.4822593825504073
4.719617346380431,8.572598642389679,1.7950904004811743,0.5170459819758304
6.010962914427479,13.501645156139295,4.307081656602057,0.9985049631690706
-13.041052608004367,-12.506727907962585,3.7994843140800754,0.6602856194111265
-0.896094807121294,-4.820851841352541,4.461088943648751,1.5304657143726683
-13.352205072466939,-10.869512562238672,5.190382859832011,1.510402913978649
-5.82106209199709,12.429160734874806,3.5115867288170324,0.6779469623434685
8.738085547677098,-12.657708337113842,4.792503262604722,1.2272531825760737
10.784257805645392,12.818992615933691,5.791029452000529,1.7757463642281863
-7.307294114994851,-5.999764883636976,0.46884359757020855,0.46884359757020855
-6.556938892353792,-6.316693214566607,1.8000111467787998,0.4811012950025274
7.353131120601445,2.2240817871871297,4.852651180236349,1.160237298350419
12.758655550901675,-13.70240856974284,2.5042255778545712,0.7473218514640259
4.593537038540985,-12.979233488436703,4.412133806540722,1.0057717006618805
-13.73433993096273,3.471987684156849,3.590360792029366,0.8977267548272481
10.978596621118456,10.184692731229074,1.802068406355934,0.42827789418510154
-13.440212905204202,-2.6562988398192484,3.7268623036005866,0.9884986077637629
-10.854833683043667,13.287637560925097,1.8926683093208718,0.960471030435476
-5.013945567261798,-11.523711513696679,2.9521810307083505,0.8706268991986748
-13.33643475996204,-6.027907288951227,3.195112211453147,1.1951724848724112
11.198277323928982,9.473018992462878,3.7267367067912742,1.1881732475346367
7.533922321904788,6.187311138703157,4.9921397734017035,2.077086986822261
9.448552877500083,-10.026096036358856,4.748284423981774,1.3207233470236743
-11.625505924646724,-2.6466826977312827,5.9127331168701565,1.8525021151816699
-2.772300902219289,9.394613664667457,5.2946341787307425,1.1971768069511122
2.056248632060141,4.061824630562732,5.383722698924427,1.2769265341506388
4.73279646492168,-3.740215713071409,5.436355603752682,1.3286120165912074
5.688524053835531,3.6781448546131568,5.750140699866268,1.128529274293248
4.572808560148179,7.676804484515813,3.4352162128625703,1.1036967337770593
5.470758059331439,9.513692553401546,2.8363444232067017,0.5537907514734626
4.432241230409364,0.8819078515349421,4.348648108670442,0.9330418309575633
5.122733843175936,11.127762779828217,4.377848853634542,0.9122752585484806
-10.062055055908015,13.693158672366605,3.6911465385314584,1.046384535969912
-2.3041832143921344,-9.25079924687817,4.878307869718345,1.3716834509981584
-9.876639237382596,-12.354121241645712,5.556800370030594,0.9730141114292475
3.752964171230854,13.864595746987774,4.0008151847700635,0.8752186677185418
12.141716938668518,-3.0356895341642147,4.058895671843981,0.7622883410916486
-6.112224536026017,-10.870246938768862,4.625346265028837,1.2347743797156603
-7.335863733391566,1.0332193979517434,2.205541520979227,0.7089068973194939
-1.8906188807127275,12.644553531366427,4.521458609179573,0.7064814360904712
-5.408056328288827,-5.599394868264721,5.553544514166271,1.444622571184755
-6.646455587717108,9.261352785768043,6.444037666331924,1.785012162333575
-7.272298015120179,-3.1666029880009035,4.098666649445842,1.082023207835109
-12.152833764797032,0.6556492484927858,4.868188651522979,1.2093810206484432
0.17631322388754533,-10.568396388419693,4.737030497232132,0.7950538434413736
4.203249865389168,-10.050254707848264,3.7503606028705625,1.1474710378449897
2.777515167704099,-11.036191485406178,4.934417833404418,0.951762699189533
12.958693940898652,-2.6485909742806157,6.30352753292339,1.6575606023363711
7.2389969843087325,9.553108067208838,6.470441965690821,1.610859228948955
13.194456811049353,11.088114440606898,4.6489722651786884,0.8804752337230681
12.454034938539145,-12.49439438711341,5.8046210963579545,1.7165934596599606
13.973755131827154,6.243415189002167,2.9822879670475246,0.6854583851855651
0.7587338261607623,-12.005423024523132,6.1520186021528644,1.0895643858478024
-10.192348720645517,4.62753264457092,5.454091077197394,1.2572045545836663
5.11715254896151,-6.872327041761369,5.24282827268761,1.1981936362064127
8.071410524830311,-4.886883033505285,3.4572279711451577,0.5358422050030651
3.4585075570031893,12.026377181241864,5.503108599134379,1.2884897150138266
-9.690788698969968,-5.327776522313583,6.18763325421144,1.223509134238644
12.069443263801196,7.444601669804401,4.431127050204281,1.036871231510381
-9.278715875460106,1.5639762975005684,0.1615490840645697,0.1615490840645697
-7.592863164862671,-8.782569364685326,3.985947736150359,0.25798070652893323
8.248548501167457,14.205324897122084,0.4879567755268208,0.4879567755268208
1.690246635582323,-5.442294936403803,5.619024078887531,1.087980478797325
2.9072759143203193,-8.851299137408875,5.207561112853062,1.1417376175706544
-3.220009991106455,11.902923588654366,2.7436142856616965,0.5798244549540617
-13.56847855420923,11.081305622179093,4.3438471990226395,1.2794987811825027
-7.447854889970066,-7.162483978993645,4.155356531901642,0.5180821564424729
-9.368165846072763,2.1734597228808763,4.041966310440166,0.5984191234973271
-7.690131310573219,-8.848411011708317,5.384468169498307,0.9692047266133742
5.242035169550519,-1.2345897845799954,2.7147670140192464,0.1281778524720567
1.8020373033983041,0.7801550599902107,5.126602416302325,0.7073901458479983
-12.658437574752286,14.021906443679097,3.492107807048574,0.9493958509126984
1.4825395190795554,-2.5732429600483115,5.203328105786748,0.9561172058407674
-3.474701760500011,-3.094731352922974,6.161345841874862,1.7195879414407593
-5.880784501344797,5.6599491486541815,4.944517276054054,1.0128657642543997
10.561814285123617,8.593531505986306,5.848071597157075,1.1948175530597602
-6.610396752728551,12.714049716294062,5.236646036860019,1.2403962172341332
-3.0748687756699926,1.013841855586989,0.1128524201506168,0.1128524201506168
-4.799239539918055,2.1280926764209838,6.038418767950671,1.431682381505654
-10.435029614264911,8.561940413668573,5.962436169433088,1.4423193636560863
-2.289831505049575,2.103890096446216,4.772486433456489,0.8641338881485534
2.735927861601775,0.6710020259795701,2.4030116189137223,0.1735593326458994
13.313036773500277,13.861577171766227,3.0508015781175986,0.6343976323138792
7.764559743535042,-8.581075574005961,5.851875309765878,1.157548198841653
-5.559476755338531,-12.967080688896697,5.747146146727074,1.2066753656832252
0.5399050378625603,11.523446476554543,7.825911502448564,2.4753638004801175
0.4295729001742501,-9.21225530026673,6.783914351297202,1.6733449546951495
4.287193702923361,9.321882605557064,4.546337593807877,0.9019075627355833
-10.894537655467229,-13.324459526240846,7.734033451010754,1.618899749987561
-13.214855448828668,-5.098292332246038,5.024838856600802,0.8607616319195028
3.48757060587943,0.3964172020573269,6.104205061486001,1.1188070850591645
-1.1820096459579652,4.040783638904145,6.909154721512808,1.7170507547238332
-0.8597569414473352,-2.3189640652518335,4.754088700414131,0.8094463526400074
-12.233176102656968,13.360711994491984,5.372067165883784,1.0883167417157664
-4.666190421972287,-8.772827877268416,3.8338113707640167,0.6561337140130602
0.3882269948552537,-0.2271574654482631,5.922828591887902,1.0220392234551725
-13.905025629856848,-13.090509095135838,4.775917315897721,0.7682350363810598
13.24107971929969,8.93719024436538,5.567718483667756,1.1750041545332386
9.006073564101202,-5.606236741845428,8.215117498118554,2.1636778370987266
-7.161666314423737,-14.085548419702633,3.00192446098504,0.6054836367344254
-12.215515848577523,3.670477055841536,7.561771992457983,1.8171213012775007
-12.671712432256061,7.600017293345598,5.882757801407246,0.8699245216308041
6.374628776858046,11.852851716118014,5.306391762792649,0.736239385847445
-12.277647626133257,-8.716138791055904,7.2350445632195655,1.6474973037591987
-2.8807934210707717,13.882953919281823,4.617372736251323,0.5496550775910881
-7.245639987784832,1.4950126539579305,5.551777625779861,1.043232131267139
-4.5563636560251854,11.967090279516835,1.8692077121368837,0.6617938757121882
-7.592968986169845,-12.05458428708485,6.9886479603842195,1.344611973971966
-5.0164904019304615,6.238806310204353,6.758980850112424,1.078630820812148
-11.93947047378916,10.985117786443153,2.384566347034116,0.13677138149801993
-2.4818145936310465,-7.098003833173966,8.002342250739453,2.125444714571768
10.486546281166405,-14.26397346261258,4.552450556671945,0.43289207944048913
-4.601557123377443,13.280756991764356,4.17141951981472,0.6686589669972316
10.9928841089782,0.44944229428032045,5.6179505978770345,0.6977281525086364
-13.715469701838536,-14.553656337494807,0.3940442393678856,0.3940442393678856
7.167136624997138,-10.979000387678152,7.077739556131193,1.601020441795221
-5.819539120139462,-0.38298786149502284,7.609793037823689,1.7013279595751856
5.0793486103507135,11.746541427561219,5.42842749189555,0.30775948214046156
-8.485011515918693,-3.2178729382612037,5.9469945285310075,1.1292249897723308
2.6633291225568065,-13.807405449805259,1.247624985765944,0.745858550274633
-2.3205413050652,-11.671278014349642,5.423013239451641,0.8371818978887221
4.599744932364791,1.892934147351717,8.911629128762122,2.251374600483563
-7.66204033368019,5.97519919411045,6.495179354204987,1.293446153200031
10.975756640761462,-9.781544905372414,7.605344752865243,1.8593630170561444
-3.967753858320684,12.382291660237719,2.876949280077903,0.3183363656933338
13.701921533360233,0.8239944417732765,4.6198189167394235,0.7837316277204651
1.2323863633477323,-14.078807102112272,2.6182216982699593,0.42350718152340716
13.351906541038158,6.194256464435476,5.2392834745724315,0.9281203705831084
-6.023465502977104,-8.333015480111484,7.261412304334488,1.5932797618266903
-4.266234893473115,12.284451060795936,7.391574665880583,1.9726035062899983
3.390143531397925,-5.6618044074907665,7.279761617251455,1.2986244394142048
13.559823646642844,-7.712730434933099,4.845533477459456,0.27528004510759185
2.4543089055608522,6.81193882083039,6.547293609224428,0.882815607853486
11.30203687972729,5.72747768427762,8.425854212595127,2.0752119817397086
-0.0722554182945867,-2.2964039136282715,6.059361998514058,0.7151539202649404
-4.377162304438764,-10.706028462378224,5.611621093185054,0.7677606866747317
-8.576248503021786,3.33200396711203,0.3337023619328894,0.3337023619328894
4.032639220752195,9.561006959178666,6.728791950582361,1.3083153808364683
2.1892743007223476,-2.03269431027997,7.951639013412266,1.932633344020446
-10.172548858215558,6.455002662349237,8.192809389873617,1.6370714101316568
7.669697713270498,12.139253795765935,7.693984736122144,1.2823586609337032
4.362961829843719,5.991093793783424,4.770259503825148,0.4506035786106828
-7.915732878199654,2.8155232544470277,6.986119225167236,1.0183470089847457
-11.0379802163948,-4.697700251528962,7.891420481529318,1.0380858798164405
-12.970935015985368,10.387637755124517,6.991196078516623,1.5216955140450152
4.246254345344822,-11.295510767160046,5.963519259494478,0.8602778652037365
-11.751708785327747,-0.6530840685938646,8.467704225771374,1.390681509509135
13.526535794392794,-9.719657813373649,5.68045287807028,0.3687279925979944
-13.799083652551364,13.640048659282149,4.1763631769866585,0.43447345418517513
2.8559242495378427,-13.321615363968263,5.6966564554241135,1.182040445911539
-2.0357539356771017,-13.269377092500774,6.995196802948591,1.4226379326907992
1.6709583729096575,-12.89012318706444,8.376217633984016,1.472058016945098
5.48200635724058,13.979810514016565,5.831971244899633,0.6848623186097051
5.882926184515965,-8.303138209552902,6.815803852624869,0.9748101820887588
9.451577916926166,1.112805415074936,7.690909071234611,1.2579571467980593
-3.148636642014189,-0.5877117923423878,6.714170009115797,0.8682837900236254
4.938289740332769,12.384770710247173,3.7141506862824527,0.15511263453071522
4.645766268446664,7.028344189870463,5.607592833399082,0.9121120335005207
-9.287519850169701,-6.991136116978863,7.656124232530013,1.031675261543835
-8.560789743890865,13.495962495365623,4.817017534857268,0.8404830719076049
-5.998811904032786,4.064772250546827,5.943304817342295,0.707194834604771
-9.380218847466164,2.0253716108686497,5.1511250630751295,0.5206467826532805
13.388484106597314,-6.487249023686954,6.805301628711095,1.3464692313441549
0.5116575919929538,4.158101022029074,9.777282478465173,1.6158802243833228
-6.51150099832543,-3.721307956135039,5.638960416705675,0.7232508965313076
10.318965951591904,9.211744194317054,8.355081395149716,1.3986859399672604
12.847769242055886,1.1479338256283835,7.555304517099845,1.3739587164545783
-13.38962135951951,-5.46702188880943,6.723825998656411,0.8865396924928968
-8.921133487576775,13.380501270253719,6.73753181564574,1.116952498125387
-12.96726066521321,-3.6330315375456337,8.705804055728255,1.3111401899037363
4.001993617952294,-12.259803425920227,7.016034594109892,0.5879321210502264
-10.739717510705269,12.320619182562204,7.70923726175868,1.2014110115497232
-2.7955960099303017,7.5368250427807375,7.672107756878904,1.6510258019882147
10.956501966881277,-0.8107138531773614,9.176199830431122,1.6005059736262197
8.202785070288979,14.043997934190084,1.5372140110689638,0.5746162463931657
6.28211740111546,7.367642006745449,7.514980045465819,0.9765861384670834
-12.506400368491121,6.723950996027739,6.95170748794965,0.5220071103402306
-0.2872058994059081,0.60723315329912,7.782770924316662,1.1254716098735413
-9.375093723591066,-9.202106463933532,9.829301641774162,2.0697371764379273
13.382100732492583,12.299921076483221,7.6866185226773025,1.4817804676654045
-13.376156222570847,8.141401965001267,7.436929170863627,0.8039135332177544
5.627727427034227,-7.711257315925272,9.030216579180719,1.3315014017164688
2.933318633919294,-10.802381397232404,6.936740466504819,0.8468062790599132
1.2985643814781085,-6.103060908382172,7.362778542809225,0.817460753135979
-4.300867575827279,3.7592933287037678,7.98828638973066,1.158910972354699
-7.284338592304052,11.936721441920632,9.391319368557136,1.6645443736597694
13.877734118710112,-9.257734815937312,6.768139868794915,0.8640640046000211
5.6193742601652374,12.464119902349708,6.333017930852014,0.6772737797891997
-1.051378309804706,-10.600459176989672,9.452266067333756,1.6793297044631115
-6.900060307041519,5.894741706602483,9.274680286806023,1.5897313305186516
-9.260883575864401,1.2440338703980949,8.291872005894549,1.4278744871156288
10.769603759756604,-7.921965849798886,4.713632147055055,0.005098328238160921
0.03604944951841027,-4.352546208239332,6.479582204578917,0.7416518278360186
9.621039437970706,-13.107129017902484,6.386186462597162,0.6492895594480164
-1.5616724228778551,-2.462545285971146,8.750103898553196,1.560809709129681
-9.029256850304535,-4.027565471111632,7.783961985535271,0.9389983415672393
-5.123341078262367,9.944482074751688,8.656246518951116,0.8219413159667125
-14.473804219077644,-0.45555522506542445,2.5516808938043467,0.44797780685858535
4.320896202945713,5.331711561476377,5.715396888072354,0.7025829285728686
-13.954957654386554,-14.35656721497426,5.19433308303288,0.566106795410833
-2.843514513367868,1.5396498473290468,7.422068812880642,1.0352211004772063
-8.706589136408315,-1.0108807542559717,6.140818649061887,0.8230588602511693
4.8540635131564045,-5.0397492885470605,8.743729678814015,0.8631379826088663
5.753068497115171,-13.476178376475843,5.700319181163577,0.7972504801677498
-5.715809042139753,-3.4602336828156606,6.245603665856973,0.3108194574914128
3.6609632555625033,8.6802035481991,9.452604835132856,1.5783980275115508
12.745796881699729,-11.580375361444805,10.016020834475363,1.6306502543629655
12.90740910408891,8.521512074135401,7.501866813120435,0.8312496133100701
10.923222694125421,-3.7418431214281505,2.8950657598137886,0.3573233601489455
5.789314425216958,-2.6055723540961093,8.060887306861897,1.1578023726889803
-14.224517028703348,2.0658990677923015,3.2611153115025955,0.4816477436117169
-11.10977231985536,10.876744098862524,9.686774493923817,1.274951103267742
10.396724206489958,11.32976041853964,10.054406332135143,1.3178825413590314
3.696441721738159,13.419068784586132,6.966755205003782,0.7458317825982852
-11.052355922713733,1.4568977428562686,5.565085741285925,0.3199051475869601
11.995581792850997,-4.232265032129764,7.358657165665948,0.4752560970339217
14.054879198962526,14.519967914410918,3.452982778442602,0.4359099272739235
1.4668257482805132,-5.496260731927252,10.185148834649274,2.0743021012428544
7.589101209421527,5.953083775839209,8.060449310603724,1.000644415237813
-5.374504593781635,1.614662978701773,9.014621880410507,0.7810516822107582
-13.633522196692079,1.126544768534668,6.443109958944611,1.0029837656637017
-14.015326085362458,11.551301726376865,8.834224593017039,0.8952489720876334
-11.126576153549095,-7.015793268110577,5.720209597803208,0.1798734106228791
-2.54604128498673,10.954616673592062,9.7954684024767,1.2294690479347519
-6.432397427781147,-4.172304833906553,7.105483228817105,0.8130904447974101
7.791733818954196,-12.73663887856193,10.126150701475577,1.9728045721632261
-5.124649045290806,-9.488155199335893,10.889377393751005,2.3187976256443927
12.685443616690254,-7.753727100594909,9.173989565790666,1.2221497857975199
-12.163323057977024,14.505630618512853,6.369066168235461,0.431461240152355
-13.109620284761146,-10.94569441553099,9.11552006920728,1.3855349934563437
-10.463319066815473,14.399140209267598,4.959261913159503,0.459450561330803
4.823614624938957,-10.214522979973513,8.173770537300936,1.0967202765339923
6.421182467717806,11.049239366422455,9.613184380011175,1.2534349126164557
3.409079240614817,5.741588581486086,7.9132755793245675,1.0978768897851896
-1.6914753776733722,14.067829391827924,5.206734709117943,0.790495616831369
-4.522716655355058,-3.333097306941669,7.875995369601928,0.30406631529578265
2.044896672521187,-10.19208288067236,8.563056041721902,0.9217808864616801
9.79411912146562,-8.019977136747864,11.086615452684214,1.6694226047812315
7.739508673392006,4.100141422346194,10.586045620905773,1.935933710761312
12.848013369448125,-4.872841272928275,8.019257464994055,0.7444898251344156
-10.467183705167711,-3.06116097857897,10.506039605613436,1.8222714934589224
-3.9695863351076905,8.6336388681095,10.160847282396574,1.3112500590544984
-12.81674719698421,-6.659855054429383,9.016541684156282,1.1260677567202253
10.985336471169022,2.1890047208660857,9.527866240457094,1.3659772826525636
-1.652249417618025,-13.56106586843904,9.580206052477571,1.2068926104918551
3.131796455416856,-13.135777526474149,11.15849144486376,1.6799955226511774
-8.886940094490763,-13.595642471587146,9.724151914923084,1.2209170851428528
7.7901995160163615,-0.4080780924848959,9.433737410004492,1.589974638374556
3.380715042545443,11.75774538397243,10.12299365215895,1.185467234031265
13.070226043520917,8.810953516393,9.181980854520567,0.8813708631446698
12.746613265770499,-3.8022406227046766,9.210692229692299,0.8604975679053524
-9.302635025649355,5.592670192670848,11.444751378277688,1.6618561310243265
-7.239742141680101,3.819071640249888,7.925268071395256,0.5133427095546184
3.1425750674123325,5.18076542008003,10.194316266380975,1.2374487811418706
13.574753643605774,10.570329178376099,9.122825192641951,0.7746088775073501
7.313759612014907,6.982314652676168,9.465317403781143,0.7625298677883927
-6.091672483938513,-13.362639619677775,7.506304280087236,0.6733077457909036
13.493991920661248,1.0480778026238209,10.351644227765334,1.497816127282117
-2.7027711043972467,14.309419061707365,7.790814440664797,0.6166641164629009
9.742141906417476,13.473214402124611,8.017124824729706,0.7677772353157019
-14.180583543640594,8.761483478572496,0.19551079044587072,0.19551079044587072
14.427557522426582,4.693648796537868,0.373539057326972,0.373539057326972
-7.708707184906613,1.383965284114522,10.96961234785959,1.6703710951742092
8.375587612645287,-4.205967324071873,11.407815849193241,1.3791444472235035
4.47264413948435,-1.472933666458239,10.222377892243795,1.3359083575303834
-2.433518574694583,5.900865244544438,9.531640461745265,0.8520376033253317
-12.810290603533513,12.652253133224562,9.407946171906389,0.8348842490227921
-3.5926541114981596,-4.398973638428293,7.826156976871131,0.39856144224625667
-3.3085293415542836,-2.7264658854162835,11.01154992120764,1.3089117565388608
-0.7684719275177958,-7.347446557542671,10.015128975723384,0.5295647325933622
-6.6550165943747706,-5.717391607840823,8.880887229394252,1.5472686067126464
-13.643413125015824,-0.07838461668272245,2.3436530870783985,0.004229740476010546
-13.267924070984295,6.489559932618793,8.968569685521894,1.4513511884335988
-4.178808310026815,2.868216622636359,9.362645877323096,0.48358108595153304
-11.18719659506324,12.769478085776756,11.924254982867179,1.6567302235503596
13.605995747991402,7.021649654830876,9.9609533683508,0.9808699828058017
-1.0844577758315026,1.5506137997922824,11.080336957224254,1.707450161862925
2.1469882325236807,14.648661392259102,0.12795441035286215,0.12795441035286215
-12.765961268951205,-8.792802971983477,10.487243426937752,1.1902499465165042
-13.582945944271053,1.1400070272330804,9.503553154385198,1.3736607654523103
7.819927806303131,13.621985067274338,9.147783313771468,0.7996094965405437
-7.850379408081191,-1.8474926796791529,6.956552905013567,0.6255394239447389
8.15568180258702,8.938350248872501,10.791189837563271,1.7218025009818425
1.8645480479475705,9.429691519910566,11.579013802838727,1.3043879367650753
-3.318531327405198,12.089876461838553,11.846742503622153,1.2389881808774565
-11.823721497282442,0.6864885484688763,11.100870612242892,1.0454243357047244
5.502037985383973,-10.131484686955712,11.46509712362743,1.745032553600291
-4.129285328039076,-13.726194059525724,7.826738125804962,0.8758433928336583
-10.785982654403677,-11.645090709978316,9.368538149228597,0.7270903219835708
-8.538935744425874,3.720475749830374,0.022609027195685694,0.022609027195685694
5.421291231203751,-5.023636780953112,10.80227076377064,1.2721836080365692
11.032564980112435,5.971734996096666,12.191460009114051,1.7079168495104278
-1.3980766468408632,8.973368852308573,12.460304362743441,2.1058354176485126
-5.4463681108924025,3.496979130142128,10.074612439430567,1.1003843572240704
-0.35147596194227404,-1.5726393718890197,11.356008726737139,1.447054646776641
-11.805206638918678,8.803953728959419,8.362880165820213,0.8759064085415766
7.872579933449167,12.613107439932126,10.173142578512296,0.6398237027551053
12.175486493814324,9.817225567817177,10.076420707696986,0.7351578109705854
13.222128456387974,-8.788672488823677,10.92215845660094,0.8790967596069423
13.886799196067837,-3.468380716256288,10.157840394226913,0.658902326251227
-8.627963385294604,9.00156234927191,8.824690109180557,1.3232623230355074
-12.31579765278074,5.004684749194469,10.979327346858563,1.2234470094151015
-11.187473858068431,3.6125755582060144,9.675660746277046,0.5342078082265358
11.677785469293617,-4.859933458188239,9.908384170321868,0.7971758127020392
-5.388004703099005,13.11733242494796,10.786053429732663,0.9689338612978449
11.476263905724236,-13.991530824068443,7.834408265283621,0.9884924270736964
-6.709404717152976,8.751285475893342,10.522266804772261,1.2506981494398541
-5.009671968633588,1.0734290485528888,10.496841031644689,0.8385194412050063
-13.71120435868311,10.636747952928763,10.775535048924501,1.2721422974763623
-3.479154167749808,-0.47277092290060985,8.508653079104903,0.8073394351384611
12.471438012353614,14.039099596277842,9.078744770798252,0.9248902626741737
-12.949964003959398,-6.543848146935462,11.609143279007561,1.3297330077257483
-9.459795473745737,3.3149516010015567,5.69607037490982,0.26531218949583424
-8.181892146169904,-1.283725086548376,8.152556473101953,0.7376036827977976
-13.678325061215357,-1.3595350478811437,8.899956121987193,0.7064033629824813
-14.186780575943503,13.86217442192044,4.927827892028442,0.43979651372416495
-4.989688096049745,5.448770284077403,7.707967182886048,0.15646040900454705
-5.571134906408112,-5.480365526907903,11.482282393567754,1.2808469631920123
-6.603150723052589,-1.561549201297174,12.596721340578409,1.8716331888864088
-5.700051151681935,-12.97241231926031,9.23032838578849,1.1371904538515398
0.7154907649927171,-9.82906823915147,12.048812519649042,1.5546962362933134
13.2254917046291,-6.600180117737203,11.760966201095925,1.464641408782863
5.168769216000976,9.487726777629296,11.856425242528843,1.371843510297951
6.934127463522671,-7.185975228692378,12.1918532978283,1.5081019286381658
10.448680139631197,-0.4177821230112997,12.002184141632103,1.2975046681687625
